{"activation_zero_frac_layer1":0,"test_accuracy":0.1009,"_timestamp":1.772874416773319e+09,"_wandb":{"runtime":90},"grad_norm_layer1":0,"activation_mean_layer1":0.10901396089114164,"grad_norm_layer2":0,"epoch":15,"test_f1":0.0183304568989009,"val_f1":0.018043972706595905,"_runtime":90,"test_loss":13.842511226882085,"activation_zero_frac_layer3":0,"val_accuracy":0.09916666666666667,"dead_neuron_frac_layer2":0,"grad_norm_layer3":0,"val_loss":13.85950542049301,"activation_mean_layer2":-0.046991843867767766,"_step":14,"activation_zero_frac_layer2":0,"dead_neuron_frac_layer1":0,"best_val_f1":0.01853924088915772,"activation_std_layer1":0.9928280021398906,"activation_std_layer3":0.9877175393299442,"activation_std_layer2":0.9988835630382304,"activation_mean_layer3":0.15625,"dead_neuron_frac_layer3":0}