{"val_accuracy":0.9731666666666666,"_runtime":64,"test_recall":0.9761790716409962,"_timestamp":1.7728049021932971e+09,"val_precision":0.9732891332666543,"test_loss":0.09281122617684932,"val_loss":0.10954648390299758,"val_f1":0.9729895855969352,"test_accuracy":0.9765,"epoch":10,"val_recall":0.9728762620451086,"_wandb":{"runtime":64},"test_precision":0.9765040203680762,"test_f1":0.9763033220322269,"_step":9}