{"val_loss":0.10712182136906537,"val_f1":0.9732961827893384,"test_loss":0.09399438997610757,"_wandb":{"runtime":84},"val_accuracy":0.9735,"_step":9,"val_recall":0.9732078434696916,"_timestamp":1.772805535258349e+09,"test_precision":0.9771689116579523,"_runtime":84,"test_recall":0.9769454092950397,"val_precision":0.9735259044074092,"test_accuracy":0.9772,"test_f1":0.9769750778684012,"epoch":10}