{"val_accuracy":0.9771666666666666,"test_accuracy":0.9785,"val_recall":0.9768892092554087,"test_precision":0.9785498084276597,"epoch":10,"test_f1":0.9783898905955042,"_timestamp":1.7728043130841036e+09,"_runtime":61,"test_recall":0.9783182544502349,"_wandb":{"runtime":61},"_step":9,"val_f1":0.9769559191120152,"test_loss":0.08799266475053527,"val_precision":0.9770601160024691,"val_loss":0.10251816073599533}