{"val_precision":0.9761510067978009,"epoch":10,"val_f1":0.9760581221909875,"test_accuracy":0.9754,"test_precision":0.9754464230584915,"val_loss":0.0950198240814369,"test_loss":0.0867653848615654,"test_f1":0.9753700294395173,"_timestamp":1.7728781406114554e+09,"val_recall":0.9760799212911235,"_step":9,"test_recall":0.9753792799924824,"_wandb":{"runtime":58},"_runtime":58,"grad_norm_layer1":0.9354017433616774,"val_accuracy":0.9761666666666666}