{"test_recall":0.9743436331858171,"_timestamp":1.7728784623658268e+09,"_step":4,"val_precision":0.9719846048432977,"test_loss":0.09609608951734593,"val_f1":0.971829601735615,"epoch":5,"test_accuracy":0.9745,"val_accuracy":0.972,"val_recall":0.9717791696717774,"test_precision":0.9744979612385734,"best_val_f1":0.971829601735615,"test_f1":0.9743578147014539,"_runtime":36,"_wandb":{"runtime":36},"val_loss":0.10362233239795675}