{"epoch":5,"_runtime":25,"test_accuracy":0.8493,"val_f1":0.8337775840061032,"_timestamp":1.7728783474242754e+09,"test_loss":0.6355129389272444,"test_recall":0.8463729826020806,"val_accuracy":0.837,"test_f1":0.8457260066464611,"_step":4,"test_precision":0.8485094132439757,"val_precision":0.8385900509659081,"_wandb":{"runtime":25},"best_val_f1":0.8337775840061032,"val_loss":0.6587817347358677,"val_recall":0.8338793284282369}