{"test_precision":0.848848289963333,"test_f1":0.8479404435905614,"val_f1":0.8411868864139562,"test_recall":0.8482842957661836,"test_loss":0.6080717463819632,"_runtime":34,"_timestamp":1.7728784186414306e+09,"_wandb":{"runtime":34},"val_loss":0.6316395026177604,"test_accuracy":0.8508,"val_precision":0.842715191506932,"epoch":5,"val_recall":0.8411557791859329,"val_accuracy":0.8435,"best_val_f1":0.8411868864139562,"_step":4}