{"activation_mean_layer3":0.0724756791459307,"_wandb":{"runtime":82},"test_accuracy":0.1009,"dead_neuron_frac_layer1":0.9921875,"val_loss":2.3296004830646706,"activation_zero_frac_layer1":0.9999986979166666,"grad_norm_layer2":0,"activation_mean_layer2":0.0012299141135121098,"activation_zero_frac_layer2":0.9999296875,"_runtime":82,"activation_std_layer3":14.983214715019667,"_step":14,"val_accuracy":0.10216666666666667,"dead_neuron_frac_layer3":0.8203125,"activation_std_layer2":0.14859251391631886,"epoch":15,"test_f1":0.018333787589715635,"activation_std_layer1":0.007314032323854931,"activation_mean_layer1":8.345964787941932e-06,"activation_zero_frac_layer3":0.99216015625,"grad_norm_layer1":0,"val_f1":0.01854204476709014,"best_val_f1":0.06821361161112431,"_timestamp":1.77287432217242e+09,"grad_norm_layer3":0,"test_loss":2.331646574187355,"dead_neuron_frac_layer2":0.578125}