{"test_precision":0.8264195656455247,"test_accuracy":0.8283,"val_accuracy":0.8223333333333334,"test_loss":0.7232890733562515,"_wandb":{"runtime":27},"val_loss":0.7416749124515154,"test_f1":0.8255636182182539,"val_precision":0.8207764729470794,"_timestamp":1.7728783796213822e+09,"val_recall":0.8197256673921668,"epoch":5,"_step":4,"val_f1":0.8194136761646387,"test_recall":0.8261325276133086,"_runtime":27,"best_val_f1":0.8194136761646387}